Metric,Value
Mean R² (CV),0.8880689254893234
Std R² (CV),0.011607018805735416
Mean MSE (CV),25.242699564381017
Mean MAE (CV),4.008150231714902
Train R²,0.8917823867484376
Val R²,0.8880689254893234
Overfitting Gap,0.0037134612591142035
