Metric,Value
Mean R² (CV),0.8302579746993348
Std R² (CV),0.015320616654835873
Mean RMSE (CV),5.657222384915253
Mean MAE (CV),4.488729517529281
Train R²,0.8363942076686607
Val R²,0.8302579746993348
Overfitting Gap,0.006136232969325861
